{"final_train_loss": 0.004485666713056465, "final_train_accuracy": 1.0, "final_val_loss": 2.812535621156462, "final_val_accuracy": 0.5418994413407822, "epochs": 100, "optimizer": "Adam", "learning_rate": 0.001, "batch_size": 32, "num_workers": 8, "train_losses": [0.6934031639907169, 0.6778130482472965, 0.6638135256270012, 0.6568281278707906, 0.6496090332889024, 0.6541417892640752, 0.644951850897329, 0.6450009645141481, 0.6461424047276516, 0.6419433317592912, 0.6405654233261193, 0.6399186761907582, 0.6407272501586758, 0.6337386698252218, 0.6342894457128017, 0.628371795018514, 0.6256847219538201, 0.6278124457187049, 0.6213689862682833, 0.6081139435315265, 0.6115136601627428, 0.6026623481034789, 0.6006458678059072, 0.6016298371542321, 0.5853701726684357, 0.5689743708409855, 0.5667764874143973, 0.5562090247702998, 0.5548118246334225, 0.5423027307516591, 0.5281120937185803, 0.5118370838671423, 0.5005681092956656, 0.4951289794520515, 0.466566023879877, 0.4521298490090077, 0.43896455604936824, 0.4522087058985477, 0.4041504693430895, 0.3819366326101221, 0.3628719614704228, 0.3614677698030596, 0.33555347887275383, 0.31125702882390227, 0.2903740767327101, 0.2711634347336696, 0.2557328614775695, 0.2432350486627948, 0.22878260019771213, 0.2433505733696886, 0.18099331134302435, 0.1788723165207513, 0.15505181782960448, 0.12657943256962453, 0.11801602574172855, 0.09792089637098365, 0.10345093436969281, 0.0853887530914343, 0.0683605929271247, 0.060455066559479, 0.10161450910390644, 0.1318956704834542, 0.09408357055438075, 0.05683974849556189, 0.15332599389375476, 0.08070364679093689, 0.10461568435588141, 0.07783425942035582, 0.03493550453106118, 0.08202887266818816, 0.06733675387096583, 0.07990234979260123, 0.03209843340865726, 0.02911823437318511, 0.015975471866946648, 0.014896928071299328, 0.013567932052416397, 0.03919255677992183, 0.022899923870405892, 0.07568367746670764, 0.024641207570220505, 0.04668975400858085, 0.03213775423624218, 0.016183657297652972, 0.009931992441138298, 0.008796628485685232, 0.007142201057345619, 0.0494040959415822, 0.01163096164025408, 0.011125497771444379, 0.0055997733484599846, 0.005204245475861392, 0.004890218008573218, 0.00959804877153211, 0.08611468383539433, 0.06942169991229943, 0.016419519139609855, 0.007520326420151433, 0.004624496958109254, 0.004485666713056465], "train_accuracies": [0.5069832402234636, 0.5917132216014898, 0.6145251396648045, 0.6429236499068901, 0.6499068901303539, 0.6373370577281192, 0.6480446927374302, 0.6513035381750466, 0.6531657355679702, 0.6559590316573557, 0.6568901303538175, 0.659683426443203, 0.659683426443203, 0.6657355679702048, 0.6652700186219739, 0.6717877094972067, 0.675512104283054, 0.6578212290502793, 0.6713221601489758, 0.6764432029795159, 0.6666666666666666, 0.6838919925512105, 0.680633147113594, 0.6778398510242085, 0.6871508379888268, 0.6997206703910615, 0.702048417132216, 0.7029795158286778, 0.707169459962756, 0.7094972067039106, 0.7160148975791434, 0.7360335195530726, 0.75512104283054, 0.7481378026070763, 0.7728119180633147, 0.7797951582867784, 0.7937616387337058, 0.777001862197393, 0.8133147113594041, 0.8184357541899442, 0.8342644320297952, 0.8379888268156425, 0.8538175046554934, 0.8696461824953445, 0.8803538175046555, 0.8901303538175046, 0.898975791433892, 0.9013035381750466, 0.9106145251396648, 0.909683426443203, 0.9352886405959032, 0.9376163873370578, 0.952513966480447, 0.9599627560521415, 0.9660148975791434, 0.9743947858472998, 0.9748603351955307, 0.9818435754189944, 0.9883612662942272, 0.9897579143389199, 0.9664804469273743, 0.9618249534450651, 0.9711359404096834, 0.9892923649906891, 0.9515828677839852, 0.9809124767225326, 0.9683426443202979, 0.9771880819366853, 0.9972067039106145, 0.9757914338919925, 0.9818435754189944, 0.9748603351955307, 0.99487895716946, 0.9958100558659218, 1.0, 0.999534450651769, 0.9986033519553073, 0.9953445065176909, 0.9953445065176909, 0.9809124767225326, 0.9962756052141527, 0.9897579143389199, 0.9939478584729982, 0.9990689013035382, 1.0, 0.999534450651769, 0.999534450651769, 0.9851024208566108, 0.9986033519553073, 0.999534450651769, 1.0, 1.0, 1.0, 0.9976722532588455, 0.978584729981378, 0.978584729981378, 0.9981378026070763, 1.0, 1.0, 1.0], "val_losses": [0.6896868063972871, 0.6650358455141163, 0.6555477728168836, 0.6666597844946096, 0.6578226826488417, 0.6474277592460093, 0.6468106634790005, 0.6463320308557435, 0.6598178363601145, 0.6438881708257025, 0.6481800991729652, 0.6412125795913142, 0.6438671775592328, 0.6454785428455644, 0.6444814428270862, 0.6508303243576703, 0.6516157639537221, 0.653227378536203, 0.6656489145822365, 0.673012660868341, 0.6600756026957066, 0.6725502831087876, 0.6775479245674233, 0.6797577171574314, 0.6851920745226258, 0.6993095934724008, 0.7059921219362227, 0.7220057407792942, 0.7439030658599385, 0.7449169080128661, 0.7732985889889452, 0.7892091270931606, 0.8551191199203221, 0.8526884633735572, 0.8350257667083314, 0.8729772551099682, 0.8795130083014845, 0.9438309395335462, 0.8836558857443613, 0.9166610395220183, 1.0070374527013057, 1.0218633375576311, 1.00922647989884, 1.10260534464092, 1.0717785407267024, 1.0852329435739216, 1.331175638310736, 1.268699957449787, 1.2900450587050654, 1.3321407773641234, 1.376899528325825, 1.5050587247869822, 1.4707866583012559, 1.629840322712946, 1.6449892647439541, 1.700379062853268, 1.8088121942523694, 1.8452610239192315, 1.9194872454779996, 1.860922881344843, 1.9636648367237113, 1.9879115329330417, 1.9407393517218932, 2.0775996639741865, 1.891470501098775, 2.015023449945716, 1.9764875624210918, 2.039174612229985, 2.1786531469675414, 2.1138907016100608, 2.154285930832449, 2.1715997575159625, 2.272587244293099, 2.3034488084817952, 2.4032380278994028, 2.413491776535631, 2.4232962162579015, 2.354995647178238, 2.3830357876569863, 2.3267276491310787, 2.3565294382958437, 2.334882465376756, 2.4492470609853165, 2.4674349421673423, 2.517654067311207, 2.54390475559057, 2.497120227671646, 2.5118840508842823, 2.642582163020441, 2.708342772400357, 2.7103083728634, 2.7823473719023237, 2.7803321470761433, 2.852848341567112, 2.743804210169133, 2.665282478545631, 2.5961652783264215, 2.778532782080453, 2.774181657663271, 2.812535621156462],